{
    "epoch": 11,
    "train_E_loss": 0.1470962425544858,
    "train_R_loss": 0.01914169938955456,
    "train_DX_loss": 0.6791863645911217,
    "train_DS_loss": 0.18732497989572586,
    "train_DX_acc": 0.5784375,
    "train_DS_acc": 0.9391875,
    "train_cover_loss": 9.613867836833379e-06,
    "train_secret_loss": 0.01902982779685408,
    "train_edge": 0.0005865255411772523,
    "train_fft": 2.0505655058514093e-05,
    "train_residual": 0.0037023351453244688,
    "train_color_stat": 0.0002370413733733585,
    "train_mask_reg": 0.00014884865283966065,
    "train_texture_mask": 0.31683485838770864,
    "train_adv_x": 0.7150057766437531,
    "train_adv_s": 2.285499694645405,
    "train_mask_mean": 0.7197802734375,
    "train_hard_batch_ratio": 0.174,
    "train_alpha": 0.059660740196704865,
    "train_lambda_old_xunet": 0.03,
    "train_lambda_new_srnet": 0.012,
    "val_cover_loss": 8.731982001336292e-06,
    "val_secret_loss": 0.0015139115694910287,
    "val_psnr_cover_y": 66.74217694091797,
    "val_psnr_cover_rgb": 51.345037139892575,
    "val_ssim_cover_y": 0.9999285273551941,
    "val_ncc_cover_y": 0.9999970874786377,
    "val_psnr_secret_y": 31.118910217285155,
    "val_psnr_secret_rgb": 28.728267501831056,
    "val_ssim_secret_y": 0.9299310336112976,
    "val_ncc_secret_y": 0.9908264980316163,
    "val_ber_secret": 0.03473067317903042,
    "val_old_xunet_cover_false_positive": 0.536,
    "val_old_xunet_stego_detection": 0.543,
    "val_old_xunet_stego_hidden": 0.457,
    "val_new_srnet_cover_false_positive": 0.116,
    "val_new_srnet_stego_detection": 0.012,
    "val_new_srnet_stego_hidden": 0.988,
    "val_avg_detection": 0.2775,
    "val_avg_hidden": 0.7225,
    "val_mask_mean": 0.71975390625,
    "val_alpha": 0.059660740196704865,
    "v93_score": 62.14387111767829,
    "lr_E": 3.1101049646137024e-06,
    "lr_R": 4.5168416076895004e-06,
    "lr_DX": 1.4363998109220106e-05,
    "lr_DS": 1.0847156501530605e-05,
    "time_sec": 137.79770684242249
}